id,nom_estab,entidad,municipio,localidad
6811312,ABS DE MÉXICO,AGUASCALIENTES,Jesús María,Paseos de Aguascalientes
6166248,CENTRO ACUÍCOLA PABELLON DE HIDALGO,AGUASCALIENTES,Rincón de Romos,SEMARNAT [Centro Acuícola]
963,"FRUTAS ORGÁNICAS DE MÉXICO, S.A. DE C.V.",AGUASCALIENTES,Calvillo,Calvillo
6507967,GRANJA ACUÍCOLA ARROYO DE LOS CABALLOS,AGUASCALIENTES,Calvillo,Calvillo
6166234,GRANJA ACUÍCOLA ARROYO DE LOS CABALLOS,AGUASCALIENTES,Calvillo,Arroyo Ojocalientillo
6166233,GRANJA ACUÍCOLA SANTA ROSA,AGUASCALIENTES,El Llano,Santa Rosa [Granja Acuícola]
6713044,GRANJA DE PEZ MASBE,AGUASCALIENTES,Rincón de Romos,Bajío del Yerbaníz
6166232,GRANJA HERNANDEZ,AGUASCALIENTES,Aguascalientes,Aguascalientes
6166236,LOS LAURELES,AGUASCALIENTES,Calvillo,Calvillo
6731335,ORGANIC SA DE CV,AGUASCALIENTES,Aguascalientes,Aguascalientes
6166238,PESCADORES DEL REFUGIO,AGUASCALIENTES,Calvillo,Malpaso
6166235,POTRERO DE SAN ANTONIO,AGUASCALIENTES,Aguascalientes,Aguascalientes
6166231,RANCHO SAN JOSE,AGUASCALIENTES,Cosío,El Pilar
6722197,SANIPOLLO,AGUASCALIENTES,Pabellón de Arteaga,Río San Pedro [Colonia]
6166245,SOCIEDAD COOPERATIVA SAN JERONIMO,AGUASCALIENTES,Aguascalientes,Cieneguilla (La Lumbrera)
6166249,SOCIEDAD DE PESCA DE FRESNILLO,AGUASCALIENTES,Rincón de Romos,Fresnillo
6166243,SOCIEDAD PISCÍCOLA COMERCIAL Y DEPORTIVA S.P.R. DE RL,AGUASCALIENTES,San José de Gracia,San José de Gracia
6252543,TURISTICA LOMA DE PIEDRA,AGUASCALIENTES,Calvillo,Malpaso
6166237,"TURISTICA LOMA DE PIEDRA, S.A. DE C.V.",AGUASCALIENTES,Calvillo,Malpaso
6166247,UNIDAD DE PRODUCCIÓN PISCÍCOLA ABELARDO RODRIGUEZ,AGUASCALIENTES,Jesús María,General Ignacio Zaragoza (Venadero)
6166241,UNIDAD DE PRODUCCIÓN PISICOLA EL JOCOQUI,AGUASCALIENTES,Rincón de Romos,Estancia de Mosqueira
6166255,"ACE KIMA CORPORACION, S.A. DE C.V.",BAJA CALIFORNIA,Ensenada,El Sauzal de Rodríguez
6166342,"ACUACULTURA DE BAJA CALIFORNIA, S.A. DE C.V.",BAJA CALIFORNIA,Ensenada,El Sauzal de Rodríguez
6166436,ACUACULTURA OCEANICA,BAJA CALIFORNIA,Ensenada,Ensenada
6166276,ACUAMOS SPR. DE RL.,BAJA CALIFORNIA,Mexicali,Campo Mozqueda (Colonia Terrenos Indios)
6694325,ACUAPRODUCTOS BAJA,BAJA CALIFORNIA,Ensenada,Ensenada
6718882,ACUÍCOLA CORTES,BAJA CALIFORNIA,Mexicali,Colonia Venustiano Carranza (La Carranza)
6166498,ACUÍCOLA EL SAUZAL,BAJA CALIFORNIA,Mexicali,Poblado Sombrerete
6166496,"ACUICOLA PACAR, S.P.R. DE R.L.",BAJA CALIFORNIA,Mexicali,Poblado el Caimán
6166439,ACUÍCOLA SAN QUINTIN,BAJA CALIFORNIA,Ensenada,Lázaro Cárdenas
6166487,ACUÍCOLA TRIPLEA,BAJA CALIFORNIA,Mexicali,Los Ángulos (Colonia Venustiano Carranza)
6166290,"ADMINISTRADORA PESQUERA DEL NOROESTE, S.A. DE C.V.",BAJA CALIFORNIA,Ensenada,El Sauzal de Rodríguez
79906,AERO FUMIGACIONES MULLER,BAJA CALIFORNIA,Mexicali,Mexicali
6166293,"AGARMEX, S.A. DE C.V.",BAJA CALIFORNIA,Ensenada,Ensenada
6166333,"AGROINDUSTRIAS ISLA CORONADO NORTE, S. DE R.L. DE C.V.",BAJA CALIFORNIA,Playas de Rosarito,Popotla
6166433,AGROMARINOS,BAJA CALIFORNIA,Ensenada,Ensenada
6166344,AGROMARISMA,BAJA CALIFORNIA,Ensenada,Ensenada
86922,AGROPECUARIA PRIMEN,BAJA CALIFORNIA,Mexicali,Mexicali
137275,AK VERIFICACIÓN,BAJA CALIFORNIA,Mexicali,Mexicali
6166294,ALBIOMAR,BAJA CALIFORNIA,Ensenada,El Sauzal de Rodríguez
6166257,"ALGALIMENTOS, S.A. DE C.V.",BAJA CALIFORNIA,Tijuana,Tijuana
6166273,"ALGAS Y EXTRACTOS DEL PACIFICO NORTE AEP, S.A. DE C.V.",BAJA CALIFORNIA,Ensenada,Ensenada
6762603,ALMACEN,BAJA CALIFORNIA,Ensenada,Ensenada
6423628,ALMACÉN PNA,BAJA CALIFORNIA,Ensenada,Isla de Cedros
6776867,APINCANTU,BAJA CALIFORNIA,Ensenada,Coronel Esteban Cantú
6166435,AQUALAP,BAJA CALIFORNIA,Ensenada,Ensenada
6166368,ASOCIACIÓN PESQUERA MORTERA DE LEYVA,BAJA CALIFORNIA,Ensenada,El Rosario de Arriba
6166421,"ASOCIACIÓN PESQUERA REGASA NUM.2, S.P.R. DE RL",BAJA CALIFORNIA,Ensenada,El Rosario
6166289,ATUN OCEANO PACIFICO S.A. DE C.V.,BAJA CALIFORNIA,Ensenada,El Sauzal de Rodríguez
6166449,ATUNEROS UNIDOS DE CALIFORNIA,BAJA CALIFORNIA,Ensenada,Ensenada
6166438,BAJA AQUAFARMS,BAJA CALIFORNIA,Ensenada,El Sauzal de Rodríguez
6166329,BAJA DESERT S.P.R. DE RL,BAJA CALIFORNIA,Ensenada,Campo Nuevo
6752874,BAJA REEF AQUACULTURE,BAJA CALIFORNIA,Ensenada,Ensenada
6166503,BAÑAGA DEL MAR S. DE R.L. DE C.V.,BAJA CALIFORNIA,Ensenada,La Chorera
6489521,BARRAGAN PRODUCE,BAJA CALIFORNIA,Ensenada,Rodolfo Sánchez Taboada (Maneadero)
6166315,"BUZOS DE BAHIA, S.P.R. DE RL",BAJA CALIFORNIA,Ensenada,Bahía de los Ángeles
6166471,"BUZOS Y PESCADORES DEL EJIDO CORONEL ESTEBAN CANTU, S.P.R. DE RL",BAJA CALIFORNIA,Ensenada,Coronel Esteban Cantú
6166394,"BUZOS Y PESCADORES DEL PABELLON, S.P.R. DE RL",BAJA CALIFORNIA,Ensenada,Ejido Nueva Odisea (El Pabellón)
6166497,"CAMARON DEL DESIERTO, S.P.R. DE R.I.",BAJA CALIFORNIA,Mexicali,Poblado el Caimán
6166278,CAMARONICULTURA,BAJA CALIFORNIA,Mexicali,Familia García Montoya (Sombrerete Uno)
6188997,CAPTURA Y COMERCIALIZACIÓN E ESPECIES MARINAS,BAJA CALIFORNIA,Ensenada,Bahía de los Ángeles
6166442,COMEXTUN,BAJA CALIFORNIA,Ensenada,Ensenada
6166304,COOPERATIVA BUSOS Y PESCADORES,BAJA CALIFORNIA,Ensenada,Ensenada
6166501,"CORPORACIÓN MÉXICO DE PESCA MEXOCEANICA, S.A. DE C.V.",BAJA CALIFORNIA,Ensenada,Ensenada
6166434,CULTIVADORES DEL PACIFICO,BAJA CALIFORNIA,Ensenada,Ensenada
6166267,"DEL MAR INDUSTRIAL, S.A. DE C.V.",BAJA CALIFORNIA,Ensenada,Ensenada
6166287,"DENEBOLA, S.A. DE C.V.",BAJA CALIFORNIA,Ensenada,Ensenada
6166387,"EL DESEMBOQUE, S.P.R. DE RL.",BAJA CALIFORNIA,Mexicali,Nuevo León
6166490,EL DESIERTO DE MATOMI S.P.R. DE RL,BAJA CALIFORNIA,Mexicali,San Felipe
6166445,EL GUERRERO DEL MAR,BAJA CALIFORNIA,Ensenada,El Sauzal de Rodríguez
128060,EMPACADORA DE ZANAHORIAS,BAJA CALIFORNIA,Tijuana,Tijuana
6482058,EMPAQUE DEL EJIDO NUEVO URUAPAN,BAJA CALIFORNIA,Ensenada,Nuevo Uruapan
98835,EMPAQUE SIN NOMBRE,BAJA CALIFORNIA,Ensenada,Rodolfo Sánchez Taboada (Maneadero)
6166461,"ERICEROS DE LA COSTA DEL PACIFICO, S.P.R. DE RL",BAJA CALIFORNIA,Ensenada,Ensenada
6166464,ERIPAC,BAJA CALIFORNIA,Ensenada,La Calavera
6166493,"FARO GARCIA, S.P.R. DE RL",BAJA CALIFORNIA,Mexicali,San Felipe
6166327,"FIERCE CONTENDER MEXICO, S. DE R.L. DE C.V.",BAJA CALIFORNIA,Ensenada,Santa Rosaliíta
6166277,"GIRALDILLA BC S.P.R. DE RL, DE C.V.",BAJA CALIFORNIA,Mexicali,El Encanto
6166422,GRANJA OSTRICOLA EL RINCÓN S. DE R.L. DE C.V.,BAJA CALIFORNIA,Ensenada,La Chorera
98230,GRUPO RS CONSULATED PACKAGE,BAJA CALIFORNIA,Ensenada,Camalú
6804575,HG SEA FUOODS,BAJA CALIFORNIA,Ensenada,Ensenada
6804884,HOJA VERDE CACTUS S DE RL DE CV,BAJA CALIFORNIA,Tijuana,Tijuana
123184,"HOJAS PARA TAMALES, S. DE R.L. DE C.V.",BAJA CALIFORNIA,Tijuana,Tijuana
6166437,INTERMAREAL,BAJA CALIFORNIA,Ensenada,Ensenada
6166316,"ISLA DEL ANGEL, S.P.R. DE RL",BAJA CALIFORNIA,Ensenada,Bahía de los Ángeles
6809702,ISLA SAN GERÓNIMO,BAJA CALIFORNIA,Ensenada,Ejido Papalote
6166483,JC JUAN COTA S.P.R. DE RL,BAJA CALIFORNIA,Ensenada,La Chorera
6166343,KIKO,BAJA CALIFORNIA,Ensenada,Ensenada
6166298,KING FISHER S. DE R.L. DE C.V.,BAJA CALIFORNIA,Ensenada,Ensenada
6166492,"LA PAMITA, S.P.R. DE RL",BAJA CALIFORNIA,Mexicali,San Felipe
6166454,LINAMAR,BAJA CALIFORNIA,Ensenada,Ensenada
149660,"LITORALES VIVOS, S.A. DE C.V.",BAJA CALIFORNIA,Mexicali,San Felipe
6166491,"LOS AMIGOS DEL PUERTO, S.P.R. DE RL",BAJA CALIFORNIA,Mexicali,San Felipe
6166452,"MAR DE LA CORINA, S.A. DE C.V.",BAJA CALIFORNIA,Ensenada,Ensenada
6166506,MARICULTIVO GONZALEZ S.P.R. DE RL,BAJA CALIFORNIA,Ensenada,La Chorera
6739928,MARISCOS DE SAN FELIPE,BAJA CALIFORNIA,Ensenada,El Sauzal de Rodríguez
6166499,"MARPESCA, S.A. DE C.V.",BAJA CALIFORNIA,Ensenada,El Sauzal de Rodríguez
6166372,"MEDARDO GALLEGOS ALTAMIRANO PARALELO 28, S.P.R. DE RL",BAJA CALIFORNIA,Ensenada,Ejido José María Morelos y Pavón
6166488,MEZQUITE RANCH,BAJA CALIFORNIA,Mexicali,La Providencia (Colonia Venustiano Carranza)
6166485,"MORRO SANTO DOMINGO, S.P.R. DE R.I.",BAJA CALIFORNIA,Ensenada,Ejido Villa Jesús María
6166444,NAVIERA MEXICANA SAN BERNARDO,BAJA CALIFORNIA,Ensenada,Ensenada
6166459,NISHIKAWA Y ASOCIADOS,BAJA CALIFORNIA,Ensenada,Ensenada
6802347,OFICINA ADMINISTRATIVA,BAJA CALIFORNIA,Ensenada,Ensenada
140389,OFICINA DE RANCHO MUNGUIA,BAJA CALIFORNIA,Ensenada,Lázaro Cárdenas
6166268,OFICINA DEL CAMPO NUÑEZ FLOREZ,BAJA CALIFORNIA,Ensenada,Ensenada
6166284,"OPERADORA ENSENADA, S.A. DE C.V.",BAJA CALIFORNIA,Ensenada,El Sauzal de Rodríguez
6740777,ORNAMENTAL LEFE,BAJA CALIFORNIA,Ensenada,Ensenada
6166305,"OSTIONES DEL NOROESTE, S. DE R.L.",BAJA CALIFORNIA,Ensenada,Bahía Falsa (La Ostionera)
6166383,OSTIONES GUERRERO S.A. DE C.V.,BAJA CALIFORNIA,Ensenada,La Chorera
6166484,"OSTRICOLA NAUTILUS, S. DE R.L. DE C.V.",BAJA CALIFORNIA,Ensenada,El Chute
100528,OTROS SERVICIOS RELACIONADOS CON LA AGRICULTURA,BAJA CALIFORNIA,Ensenada,Real del Castillo Nuevo (Ojos Negros)
6765806,PACIFIC GROUP,BAJA CALIFORNIA,Ensenada,Ensenada
6752730,PACÍFICO AQUACULTURE,BAJA CALIFORNIA,Ensenada,El Sauzal de Rodríguez
6726153,"PACÍFICO AQUACULTURE, S.A.P.I. DE C.V.",BAJA CALIFORNIA,Ensenada,El Sauzal de Rodríguez
6166266,"PESCA AZUL, S.A. DE C.V.",BAJA CALIFORNIA,Ensenada,El Sauzal de Rodríguez
6166272,"PESCA CHIAPAS, S.A. DE C.V.",BAJA CALIFORNIA,Ensenada,Ensenada
6166285,"PESCA PROFUNDA, S.A. DE C.V.",BAJA CALIFORNIA,Ensenada,Ensenada
6166379,"PESCA Y CAPTURA DE OTROS PECES, CRUSTÁCEOS, MOLUSCOS Y OTRAS ESPECIES",BAJA CALIFORNIA,Ensenada,Campo Juárez (La Gringa)
6166307,"PESCA Y CAPTURA DE OTROS PECES, CRUSTÁCEOS, MOLUSCOS Y OTRAS ESPECIES",BAJA CALIFORNIA,Ensenada,El Pedregal (Bahía el Morro)
6166505,"PESCA Y CAPTURA DE OTROS PECES, CRUSTÁCEOS, MOLUSCOS Y OTRAS ESPECIES",BAJA CALIFORNIA,Ensenada,El Pedregal (Bahía el Morro)
6166308,"PESCA Y CAPTURA DE OTROS PECES, CRUSTÁCEOS, MOLUSCOS Y OTRAS ESPECIES",BAJA CALIFORNIA,Ensenada,Ejido Nueva Odisea (El Pabellón)
6166396,"PESCA Y CAPTURA DE OTROS PECES, CRUSTÁCEOS, MOLUSCOS Y OTRAS ESPECIES",BAJA CALIFORNIA,Ensenada,Ejido Nueva Odisea (El Pabellón)
6166398,"PESCA Y CAPTURA DE OTROS PECES, CRUSTÁCEOS, MOLUSCOS Y OTRAS ESPECIES",BAJA CALIFORNIA,Ensenada,Ejido Nueva Odisea (El Pabellón)
6166399,"PESCA Y CAPTURA DE OTROS PECES, CRUSTÁCEOS, MOLUSCOS Y OTRAS ESPECIES",BAJA CALIFORNIA,Ensenada,Ejido Nueva Odisea (El Pabellón)
6166400,"PESCA Y CAPTURA DE OTROS PECES, CRUSTÁCEOS, MOLUSCOS Y OTRAS ESPECIES",BAJA CALIFORNIA,Ensenada,Ejido Nueva Odisea (El Pabellón)
6166401,"PESCA Y CAPTURA DE OTROS PECES, CRUSTÁCEOS, MOLUSCOS Y OTRAS ESPECIES",BAJA CALIFORNIA,Ensenada,Ejido Nueva Odisea (El Pabellón)
6166425,"PESCA Y CAPTURA DE OTROS PECES, CRUSTÁCEOS, MOLUSCOS Y OTRAS ESPECIES",BAJA CALIFORNIA,Playas de Rosarito,Puerto Nuevo
6166296,"PESCA Y CAPTURA DE OTROS PECES, CRUSTÁCEOS, MOLUSCOS Y OTRAS ESPECIES",BAJA CALIFORNIA,Playas de Rosarito,Puerto Popotla
6188999,"PESCA Y CAPTURA DE OTROS PECES, CRUSTÁCEOS, MOLUSCOS Y OTRAS ESPECIES",BAJA CALIFORNIA,Playas de Rosarito,Puerto Popotla
6166467,"PESCA Y CAPTURA DE OTROS PECES, CRUSTÁCEOS, MOLUSCOS Y OTRAS ESPECIES",BAJA CALIFORNIA,Ensenada,El Rincón
6166508,"PESCA Y CAPTURA DE OTROS PECES, CRUSTÁCEOS, MOLUSCOS Y OTRAS ESPECIES",BAJA CALIFORNIA,Ensenada,Puerto San Francisquito
6166393,"PESCA Y CAPTURA DE OTROS PECES, CRUSTÁCEOS, MOLUSCOS Y OTRAS ESPECIES",BAJA CALIFORNIA,Ensenada,Ejido Papalote
6166420,"PESCA Y CAPTURA DE OTROS PECES, CRUSTÁCEOS, MOLUSCOS Y OTRAS ESPECIES",BAJA CALIFORNIA,Ensenada,Ejido Papalote
6166458,"PESCA Y CAPTURA DE OTROS PECES, CRUSTÁCEOS, MOLUSCOS Y OTRAS ESPECIES",BAJA CALIFORNIA,Ensenada,El Sauzal de Rodríguez
6166357,"PESCA Y CAPTURA DE OTROS PECES, CRUSTÁCEOS, MOLUSCOS Y OTRAS ESPECIES",BAJA CALIFORNIA,Ensenada,Bahía de los Ángeles
6166376,"PESCA Y CAPTURA DE OTROS PECES, CRUSTÁCEOS, MOLUSCOS Y OTRAS ESPECIES",BAJA CALIFORNIA,Ensenada,Bahía de los Ángeles
6166381,"PESCA Y CAPTURA DE OTROS PECES, CRUSTÁCEOS, MOLUSCOS Y OTRAS ESPECIES",BAJA CALIFORNIA,Ensenada,Bahía de los Ángeles
6166382,"PESCA Y CAPTURA DE OTROS PECES, CRUSTÁCEOS, MOLUSCOS Y OTRAS ESPECIES",BAJA CALIFORNIA,Ensenada,Bahía de los Ángeles
6188995,"PESCA Y CAPTURA DE OTROS PECES, CRUSTÁCEOS, MOLUSCOS Y OTRAS ESPECIES",BAJA CALIFORNIA,Ensenada,Bahía de los Ángeles
6166378,"PESCA Y CAPTURA DE OTROS PECES, CRUSTÁCEOS, MOLUSCOS Y OTRAS ESPECIES",BAJA CALIFORNIA,Ensenada,Bahía de los Ángeles
6166380,"PESCA Y CAPTURA DE OTROS PECES, CRUSTÁCEOS, MOLUSCOS Y OTRAS ESPECIES",BAJA CALIFORNIA,Ensenada,Bahía de los Ángeles
6166358,"PESCA Y CAPTURA DE OTROS PECES, CRUSTÁCEOS, MOLUSCOS Y OTRAS ESPECIES",BAJA CALIFORNIA,Ensenada,Venustiano Carranza (Santa María)
6166364,"PESCA Y CAPTURA DE OTROS PECES, CRUSTÁCEOS, MOLUSCOS Y OTRAS ESPECIES",BAJA CALIFORNIA,Ensenada,Venustiano Carranza (Santa María)
6166389,"PESCA Y CAPTURA DE OTROS PECES, CRUSTÁCEOS, MOLUSCOS Y OTRAS ESPECIES",BAJA CALIFORNIA,Ensenada,Venustiano Carranza (Santa María)
6166321,"PESCA Y CAPTURA DE OTROS PECES, CRUSTÁCEOS, MOLUSCOS Y OTRAS ESPECIES",BAJA CALIFORNIA,Ensenada,Ejido Valle Tranquilo
6166322,"PESCA Y CAPTURA DE OTROS PECES, CRUSTÁCEOS, MOLUSCOS Y OTRAS ESPECIES",BAJA CALIFORNIA,Ensenada,Ejido Valle Tranquilo
6166323,"PESCA Y CAPTURA DE OTROS PECES, CRUSTÁCEOS, MOLUSCOS Y OTRAS ESPECIES",BAJA CALIFORNIA,Ensenada,Ejido Valle Tranquilo
6166351,"PESCA Y CAPTURA DE OTROS PECES, CRUSTÁCEOS, MOLUSCOS Y OTRAS ESPECIES",BAJA CALIFORNIA,Ensenada,Ensenada
6166352,"PESCA Y CAPTURA DE OTROS PECES, CRUSTÁCEOS, MOLUSCOS Y OTRAS ESPECIES",BAJA CALIFORNIA,Ensenada,Ensenada
6166353,"PESCA Y CAPTURA DE OTROS PECES, CRUSTÁCEOS, MOLUSCOS Y OTRAS ESPECIES",BAJA CALIFORNIA,Ensenada,Ensenada
6166355,"PESCA Y CAPTURA DE OTROS PECES, CRUSTÁCEOS, MOLUSCOS Y OTRAS ESPECIES",BAJA CALIFORNIA,Ensenada,Ensenada
6166362,"PESCA Y CAPTURA DE OTROS PECES, CRUSTÁCEOS, MOLUSCOS Y OTRAS ESPECIES",BAJA CALIFORNIA,Ensenada,Ensenada
6166375,"PESCA Y CAPTURA DE OTROS PECES, CRUSTÁCEOS, MOLUSCOS Y OTRAS ESPECIES",BAJA CALIFORNIA,Ensenada,Cielito Lindo
6166384,"PESCA Y CAPTURA DE OTROS PECES, CRUSTÁCEOS, MOLUSCOS Y OTRAS ESPECIES",BAJA CALIFORNIA,Ensenada,Cielito Lindo
6166385,"PESCA Y CAPTURA DE OTROS PECES, CRUSTÁCEOS, MOLUSCOS Y OTRAS ESPECIES",BAJA CALIFORNIA,Ensenada,Cielito Lindo
6166388,"PESCA Y CAPTURA DE OTROS PECES, CRUSTÁCEOS, MOLUSCOS Y OTRAS ESPECIES",BAJA CALIFORNIA,Ensenada,Cielito Lindo
6166392,"PESCA Y CAPTURA DE OTROS PECES, CRUSTÁCEOS, MOLUSCOS Y OTRAS ESPECIES",BAJA CALIFORNIA,Ensenada,Cielito Lindo
6724646,"PESCA Y CAPTURA DE OTROS PECES, CRUSTÁCEOS, MOLUSCOS Y OTRAS ESPECIES",BAJA CALIFORNIA,Ensenada,Ensenada
6694596,"PESCA Y CAPTURA DE OTROS PECES, CRUSTÁCEOS, MOLUSCOS Y OTRAS ESPECIES",BAJA CALIFORNIA,Ensenada,Ensenada
6166415,"PESCA Y CAPTURA DE OTROS PECES, CRUSTÁCEOS, MOLUSCOS Y OTRAS ESPECIES",BAJA CALIFORNIA,Ensenada,Ejido Chapala
6166413,"PESCA Y CAPTURA DE OTROS PECES, CRUSTÁCEOS, MOLUSCOS Y OTRAS ESPECIES",BAJA CALIFORNIA,Ensenada,Ejido Eréndira
6166474,"PESCA Y CAPTURA DE OTROS PECES, CRUSTÁCEOS, MOLUSCOS Y OTRAS ESPECIES",BAJA CALIFORNIA,Ensenada,Ejido Eréndira
6166324,"PESCA Y CAPTURA DE OTROS PECES, CRUSTÁCEOS, MOLUSCOS Y OTRAS ESPECIES",BAJA CALIFORNIA,Ensenada,Bahía de los Ángeles
6166325,"PESCA Y CAPTURA DE OTROS PECES, CRUSTÁCEOS, MOLUSCOS Y OTRAS ESPECIES",BAJA CALIFORNIA,Ensenada,Bahía de los Ángeles
6166348,"PESCA Y CAPTURA DE OTROS PECES, CRUSTÁCEOS, MOLUSCOS Y OTRAS ESPECIES",BAJA CALIFORNIA,Ensenada,Bahía de los Ángeles
6166349,"PESCA Y CAPTURA DE OTROS PECES, CRUSTÁCEOS, MOLUSCOS Y OTRAS ESPECIES",BAJA CALIFORNIA,Ensenada,Bahía de los Ángeles
6166456,"PESCA Y CAPTURA DE OTROS PECES, CRUSTÁCEOS, MOLUSCOS Y OTRAS ESPECIES",BAJA CALIFORNIA,Ensenada,Ensenada
6166457,"PESCA Y CAPTURA DE OTROS PECES, CRUSTÁCEOS, MOLUSCOS Y OTRAS ESPECIES",BAJA CALIFORNIA,Ensenada,Ensenada
6166447,"PESCA Y CAPTURA DE OTROS PECES, CRUSTÁCEOS, MOLUSCOS Y OTRAS ESPECIES",BAJA CALIFORNIA,Ensenada,Ensenada
6166443,"PESCA Y CAPTURA DE OTROS PECES, CRUSTÁCEOS, MOLUSCOS Y OTRAS ESPECIES",BAJA CALIFORNIA,Ensenada,Ensenada
6166429,"PESCA Y CAPTURA DE OTROS PECES, CRUSTÁCEOS, MOLUSCOS Y OTRAS ESPECIES",BAJA CALIFORNIA,Ensenada,Ensenada
6166430,"PESCA Y CAPTURA DE OTROS PECES, CRUSTÁCEOS, MOLUSCOS Y OTRAS ESPECIES",BAJA CALIFORNIA,Ensenada,Ensenada
6166463,"PESCA Y CAPTURA DE OTROS PECES, CRUSTÁCEOS, MOLUSCOS Y OTRAS ESPECIES",BAJA CALIFORNIA,Ensenada,Ensenada
6166465,"PESCA Y CAPTURA DE OTROS PECES, CRUSTÁCEOS, MOLUSCOS Y OTRAS ESPECIES",BAJA CALIFORNIA,Ensenada,Ensenada
6166369,"PESCA Y CAPTURA DE OTROS PECES, CRUSTÁCEOS, MOLUSCOS Y OTRAS ESPECIES",BAJA CALIFORNIA,Ensenada,Ensenada
6166370,"PESCA Y CAPTURA DE OTROS PECES, CRUSTÁCEOS, MOLUSCOS Y OTRAS ESPECIES",BAJA CALIFORNIA,Ensenada,Ensenada
6166377,"PESCA Y CAPTURA DE OTROS PECES, CRUSTÁCEOS, MOLUSCOS Y OTRAS ESPECIES",BAJA CALIFORNIA,Ensenada,Ensenada
6166391,"PESCA Y CAPTURA DE OTROS PECES, CRUSTÁCEOS, MOLUSCOS Y OTRAS ESPECIES",BAJA CALIFORNIA,Ensenada,Ensenada
6166417,"PESCA Y CAPTURA DE OTROS PECES, CRUSTÁCEOS, MOLUSCOS Y OTRAS ESPECIES",BAJA CALIFORNIA,Ensenada,Ensenada
6166418,"PESCA Y CAPTURA DE OTROS PECES, CRUSTÁCEOS, MOLUSCOS Y OTRAS ESPECIES",BAJA CALIFORNIA,Ensenada,Ensenada
6166332,"PESCA Y CAPTURA DE OTROS PECES, CRUSTÁCEOS, MOLUSCOS Y OTRAS ESPECIES",BAJA CALIFORNIA,Ensenada,La Chorera
6166412,"PESCA Y CAPTURA DE OTROS PECES, CRUSTÁCEOS, MOLUSCOS Y OTRAS ESPECIES",BAJA CALIFORNIA,Ensenada,La Chorera
6166414,"PESCA Y CAPTURA DE OTROS PECES, CRUSTÁCEOS, MOLUSCOS Y OTRAS ESPECIES",BAJA CALIFORNIA,Ensenada,El Socorro
6166469,"PESCA Y CAPTURA DE OTROS PECES, CRUSTÁCEOS, MOLUSCOS Y OTRAS ESPECIES",BAJA CALIFORNIA,Ensenada,Ensenada
6166470,"PESCA Y CAPTURA DE OTROS PECES, CRUSTÁCEOS, MOLUSCOS Y OTRAS ESPECIES",BAJA CALIFORNIA,Ensenada,Ensenada
6166473,"PESCA Y CAPTURA DE OTROS PECES, CRUSTÁCEOS, MOLUSCOS Y OTRAS ESPECIES",BAJA CALIFORNIA,Ensenada,Ensenada
6166318,"PESCA Y CAPTURA DE OTROS PECES, CRUSTÁCEOS, MOLUSCOS Y OTRAS ESPECIES",BAJA CALIFORNIA,Ensenada,Ejido José María Morelos y Pavón
6166371,"PESCA Y CAPTURA DE OTROS PECES, CRUSTÁCEOS, MOLUSCOS Y OTRAS ESPECIES",BAJA CALIFORNIA,Ensenada,Ejido José María Morelos y Pavón
6166347,"PESCA Y CAPTURA DE OTROS PECES, CRUSTÁCEOS, MOLUSCOS Y OTRAS ESPECIES",BAJA CALIFORNIA,Ensenada,Ejido 27 de Enero
6166406,"PESCA Y CAPTURA DE OTROS PECES, CRUSTÁCEOS, MOLUSCOS Y OTRAS ESPECIES",BAJA CALIFORNIA,Ensenada,Ejido 27 de Enero
6166410,"PESCA Y CAPTURA DE OTROS PECES, CRUSTÁCEOS, MOLUSCOS Y OTRAS ESPECIES",BAJA CALIFORNIA,Ensenada,Colonia Nueva Era
6166408,"PESCA Y CAPTURA DE OTROS PECES, CRUSTÁCEOS, MOLUSCOS Y OTRAS ESPECIES",BAJA CALIFORNIA,Ensenada,Ejido México (Punta Colonet)
6166504,"PESCA Y CAPTURA DE OTROS PECES, CRUSTÁCEOS, MOLUSCOS Y OTRAS ESPECIES",BAJA CALIFORNIA,Ensenada,Molino Viejo
6166472,"PESCA Y CAPTURA DE OTROS PECES, CRUSTÁCEOS, MOLUSCOS Y OTRAS ESPECIES",BAJA CALIFORNIA,Ensenada,Rodolfo Sánchez Taboada (Maneadero)
6166311,"PESCA Y CAPTURA DE OTROS PECES, CRUSTÁCEOS, MOLUSCOS Y OTRAS ESPECIES",BAJA CALIFORNIA,Ensenada,Ejido Mesa de San Jacinto
6166509,"PESCA Y CAPTURA DE OTROS PECES, CRUSTÁCEOS, MOLUSCOS Y OTRAS ESPECIES",BAJA CALIFORNIA,Ensenada,Isla de Cedros
6708635,"PESCA Y CAPTURA DE OTROS PECES, CRUSTÁCEOS, MOLUSCOS Y OTRAS ESPECIES",BAJA CALIFORNIA,Ensenada,Isla de Cedros
6166432,"PESCA Y CAPTURA DE OTROS PECES, CRUSTÁCEOS, MOLUSCOS Y OTRAS ESPECIES",BAJA CALIFORNIA,Ensenada,Rodolfo Sánchez Taboada (Maneadero)
6166310,"PESCA Y CAPTURA DE OTROS PECES, CRUSTÁCEOS, MOLUSCOS Y OTRAS ESPECIES",BAJA CALIFORNIA,Ensenada,Puerto Perico
6166356,"PESCA Y CAPTURA DE OTROS PECES, CRUSTÁCEOS, MOLUSCOS Y OTRAS ESPECIES",BAJA CALIFORNIA,Ensenada,Parcela Número Ciento Trece (Ejido Nacionalista)
6166466,"PESCA Y CAPTURA DE OTROS PECES, CRUSTÁCEOS, MOLUSCOS Y OTRAS ESPECIES",BAJA CALIFORNIA,Ensenada,Parcela Número Ciento Treinta y Nueve (Ejido Nacionalista)
6166407,"PESCA Y CAPTURA DE OTROS PECES, CRUSTÁCEOS, MOLUSCOS Y OTRAS ESPECIES",BAJA CALIFORNIA,Ensenada,Ejido 27 de Enero
6166334,"PESCA Y CAPTURA DE OTROS PECES, CRUSTÁCEOS, MOLUSCOS Y OTRAS ESPECIES",BAJA CALIFORNIA,Ensenada,Ensenada
6166335,"PESCA Y CAPTURA DE OTROS PECES, CRUSTÁCEOS, MOLUSCOS Y OTRAS ESPECIES",BAJA CALIFORNIA,Ensenada,Ensenada
6166337,"PESCA Y CAPTURA DE OTROS PECES, CRUSTÁCEOS, MOLUSCOS Y OTRAS ESPECIES",BAJA CALIFORNIA,Ensenada,Ensenada
6166339,"PESCA Y CAPTURA DE OTROS PECES, CRUSTÁCEOS, MOLUSCOS Y OTRAS ESPECIES",BAJA CALIFORNIA,Ensenada,Ensenada
6166341,"PESCA Y CAPTURA DE OTROS PECES, CRUSTÁCEOS, MOLUSCOS Y OTRAS ESPECIES",BAJA CALIFORNIA,Ensenada,Ensenada
6166301,"PESCA Y CAPTURA DE OTROS PECES, CRUSTÁCEOS, MOLUSCOS Y OTRAS ESPECIES",BAJA CALIFORNIA,Ensenada,Ensenada
6166373,"PESCA Y CAPTURA DE OTROS PECES, CRUSTÁCEOS, MOLUSCOS Y OTRAS ESPECIES",BAJA CALIFORNIA,Ensenada,La Bufadora
6166390,"PESCA Y CAPTURA DE OTROS PECES, CRUSTÁCEOS, MOLUSCOS Y OTRAS ESPECIES",BAJA CALIFORNIA,Ensenada,Venustiano Carranza (Santa María)
6166292,"PESCA Y CAPTURA DE OTROS PECES, CRUSTÁCEOS, MOLUSCOS Y OTRAS ESPECIES",BAJA CALIFORNIA,Ensenada,Ensenada
6166299,"PESCA Y CAPTURA DE OTROS PECES, CRUSTÁCEOS, MOLUSCOS Y OTRAS ESPECIES",BAJA CALIFORNIA,Ensenada,Ensenada
6166300,"PESCA Y CAPTURA DE OTROS PECES, CRUSTÁCEOS, MOLUSCOS Y OTRAS ESPECIES",BAJA CALIFORNIA,Ensenada,Ensenada
6166297,"PESCA Y CAPTURA DE OTROS PECES, CRUSTÁCEOS, MOLUSCOS Y OTRAS ESPECIES",BAJA CALIFORNIA,Ensenada,Ensenada
6166319,"PESCA Y CAPTURA DE OTROS PECES, CRUSTÁCEOS, MOLUSCOS Y OTRAS ESPECIES",BAJA CALIFORNIA,Ensenada,Santa Rosaliíta
6166331,"PESCA Y CAPTURA DE OTROS PECES, CRUSTÁCEOS, MOLUSCOS Y OTRAS ESPECIES",BAJA CALIFORNIA,Ensenada,Punta Baja
6166317,"PESCA Y CAPTURA DE OTROS PECES, CRUSTÁCEOS, MOLUSCOS Y OTRAS ESPECIES",BAJA CALIFORNIA,Ensenada,Ejido José María Morelos y Pavón
6166495,"PESCA Y CAPTURA DE OTROS PECES, CRUSTÁCEOS, MOLUSCOS Y OTRAS ESPECIES",BAJA CALIFORNIA,Mexicali,San Felipe
6166366,"PESCA Y CAPTURA DE OTROS PECES, CRUSTÁCEOS, MOLUSCOS Y OTRAS ESPECIES",BAJA CALIFORNIA,Mexicali,San Felipe
6166281,"PESCA Y CAPTURA DE OTROS PECES, CRUSTÁCEOS, MOLUSCOS Y OTRAS ESPECIES",BAJA CALIFORNIA,Mexicali,San Felipe
6694326,"PESCA Y CAPTURA DE OTROS PECES, CRUSTÁCEOS, MOLUSCOS Y OTRAS ESPECIES",BAJA CALIFORNIA,Ensenada,Ensenada
6166511,"PESCA Y CAPTURA DE OTROS PECES, CRUSTÁCEOS, MOLUSCOS Y OTRAS ESPECIES",BAJA CALIFORNIA,Ensenada,Ensenada
6166440,"PESCA Y CAPTURA DE OTROS PECES, CRUSTÁCEOS, MOLUSCOS Y OTRAS ESPECIES",BAJA CALIFORNIA,Ensenada,Ensenada
6166441,"PESCA Y CAPTURA DE OTROS PECES, CRUSTÁCEOS, MOLUSCOS Y OTRAS ESPECIES",BAJA CALIFORNIA,Ensenada,Ensenada
6166477,"PESCA Y CAPTURA DE OTROS PECES, CRUSTÁCEOS, MOLUSCOS Y OTRAS ESPECIES",BAJA CALIFORNIA,Ensenada,Ensenada
6166424,"PESCA Y CAPTURA DE OTROS PECES, CRUSTÁCEOS, MOLUSCOS Y OTRAS ESPECIES",BAJA CALIFORNIA,Playas de Rosarito,Puerto Nuevo
6166350,"PESCA Y CAPTURA DE OTROS PECES, CRUSTÁCEOS, MOLUSCOS Y OTRAS ESPECIES",BAJA CALIFORNIA,Playas de Rosarito,El Campito
6166426,"PESCA Y CAPTURA DE OTROS PECES, CRUSTÁCEOS, MOLUSCOS Y OTRAS ESPECIES",BAJA CALIFORNIA,Playas de Rosarito,El Campito
6166402,"PESCA Y CAPTURA DE OTROS PECES, CRUSTÁCEOS, MOLUSCOS Y OTRAS ESPECIES",BAJA CALIFORNIA,Ensenada,Ejido Nueva Odisea (El Pabellón)
6166403,"PESCA Y CAPTURA DE OTROS PECES, CRUSTÁCEOS, MOLUSCOS Y OTRAS ESPECIES",BAJA CALIFORNIA,Ensenada,Ejido Nueva Odisea (El Pabellón)
6166416,"PESCA Y CAPTURA DE OTROS PECES, CRUSTÁCEOS, MOLUSCOS Y OTRAS ESPECIES",BAJA CALIFORNIA,Ensenada,Ejido Nueva Odisea (El Pabellón)
6166306,"PESCA Y CAPTURA DE OTROS PECES, CRUSTÁCEOS, MOLUSCOS Y OTRAS ESPECIES",BAJA CALIFORNIA,Ensenada,Lázaro Cárdenas
6166411,"PESCA Y CAPTURA DE OTROS PECES, CRUSTÁCEOS, MOLUSCOS Y OTRAS ESPECIES",BAJA CALIFORNIA,Ensenada,Lázaro Cárdenas
6166479,"PESCA Y CAPTURA DE OTROS PECES, CRUSTÁCEOS, MOLUSCOS Y OTRAS ESPECIES",BAJA CALIFORNIA,Ensenada,La Chorera
6166419,PESCADERIA BAHÍA,BAJA CALIFORNIA,Ensenada,Ensenada
6166314,"PESCADORES ATREVIDOS DE BAHIA, S.P.R. DE RL",BAJA CALIFORNIA,Ensenada,Bahía de los Ángeles
6166258,"PESCADORES DE COSTA BRAVA, S.P.R. DE RL",BAJA CALIFORNIA,Ensenada,Vicente Guerrero
6166259,"PESCADORES DE SAN FELIPE S.C. DE RL, DE C.V.",BAJA CALIFORNIA,Mexicali,San Felipe
6166326,PESCADORES DEL BARRIL S.P.R. DE RL,BAJA CALIFORNIA,Ensenada,La Ilusión
6166312,"PESCADORES EL CHUTE, S.P.R. DE RL",BAJA CALIFORNIA,Ensenada,Ejido Papalote
6166320,"PESCADORES HERMANOS FUERTE, S.P.R. DE RL",BAJA CALIFORNIA,Ensenada,Bahía de los Ángeles
6166510,PESCADORES UNIDOS ESCAMEROS Y TIBURONEROS DE ISLA DE CEDROS S.P.R. DE RL,BAJA CALIFORNIA,Ensenada,Punta Norte
6166338,"PESCADORES Y BUZOS RIBEREÑOS DE MANCHURIA, S.A. DE C.V.",BAJA CALIFORNIA,Ensenada,El Sauzal de Rodríguez
6166251,PESQUERA AKALAN,BAJA CALIFORNIA,Ensenada,Ensenada
6166455,"PESQUERA ALDEVEL, S.A. DE C.V.",BAJA CALIFORNIA,Ensenada,Ensenada
6166254,"PESQUERA ANCHOSAR, S.A. DE C.V.",BAJA CALIFORNIA,Ensenada,Ensenada
6166282,"PESQUERA BAJA MAR, S.C. DE RL",BAJA CALIFORNIA,Mexicali,San Felipe
6166265,"PESQUERA BONNYMAR, S. DE R.L. DE C.V.",BAJA CALIFORNIA,Ensenada,El Sauzal de Rodríguez
6166263,"PESQUERA CACHANAS, S.P.R. DE RL",BAJA CALIFORNIA,Mexicali,San Felipe
6166264,"PESQUERA COSTA ROCA, S.A. DE C.V.",BAJA CALIFORNIA,Ensenada,El Sauzal de Rodríguez
6166476,"PESQUERA GRUPO CINCO, S.P.R. DE RL",BAJA CALIFORNIA,Ensenada,Ensenada
6166450,PESQUERA ISLA DE LA GUARDIA,BAJA CALIFORNIA,Ensenada,Ensenada
6800280,PESQUERA ISLA DE LA GUARDIA,BAJA CALIFORNIA,Ensenada,Ensenada
6166283,"PESQUERA LACANDONES DEL PACIFICO, S. DE R.L. DE C.V.",BAJA CALIFORNIA,Ensenada,Ensenada
6166269,"PESQUERA NORMEX, S.A. DE C.V.",BAJA CALIFORNIA,Ensenada,Ensenada
6166303,PESQUERA PATRÓN E HIJOS S.A. DE C.V.,BAJA CALIFORNIA,Ensenada,Ensenada
6166448,PESQUERA PESCA MUNDO,BAJA CALIFORNIA,Ensenada,Ensenada
6166451,PESQUERA PROGRESO,BAJA CALIFORNIA,Ensenada,Ensenada
6166271,"PESQUERA ROSAMAR, S.A. DE C.V.",BAJA CALIFORNIA,Ensenada,Ensenada
6166291,"PESQUERA SAGAX, S.A. DE C.V.",BAJA CALIFORNIA,Ensenada,Ensenada
6166409,"PESQUERA SAN ANTONIO DEL MAR S P R, DE R.L.",BAJA CALIFORNIA,Ensenada,Ejido México (Punta Colonet)
6166453,PESQUERA SARDINERA LA UNIÓN,BAJA CALIFORNIA,Ensenada,Ensenada
6166446,"PESQUERA THOR, S.A. DE C.V.",BAJA CALIFORNIA,Ensenada,El Sauzal de Rodríguez
6166261,"PESQUERA VILLALOBOS, S. DE R.L. DE C.V.",BAJA CALIFORNIA,Ensenada,Ensenada
6166286,"PEZ WILLY, S.P.R. DE R.L.",BAJA CALIFORNIA,Ensenada,Ensenada
6166486,"PISCICULTURA Y OTRA ACUICULTURA, EXCEPTO CAMARONICULTURA",BAJA CALIFORNIA,Ensenada,Ensenada
6166481,"PISCICULTURA Y OTRA ACUICULTURA, EXCEPTO CAMARONICULTURA",BAJA CALIFORNIA,Ensenada,La Chorera
6723403,"PRODUCTORA HERNANDEZ CAJEME E HIJOS, S.P.R. DE R.L.",BAJA CALIFORNIA,Ensenada,El Rosario de Arriba
6166427,PRODUCTORA Y COMERCIALIZADORA DE ESPECIES MARINAS VIP,BAJA CALIFORNIA,Mexicali,Don Abel
6166462,PRODUCTORES PESQUEROS DE BC S.P.R. DE RL,BAJA CALIFORNIA,Ensenada,Ensenada
6166502,PRODUCTOS DEL MAR CATALINA,BAJA CALIFORNIA,Ensenada,Ensenada
6166270,"PRODUCTOS DEL MAR COSTA OESTE, S.P. DE R.L.",BAJA CALIFORNIA,Ensenada,Ensenada
6189002,PRODUCTOS MARINOS ERENDIRA SDPR DE RL,BAJA CALIFORNIA,Ensenada,Puerto San Isidro
6166480,PRODUCTOS MARINOS S.P.R. DE RL,BAJA CALIFORNIA,Ensenada,La Chorera
6501219,PUNTA COLONET SAN TELMO,BAJA CALIFORNIA,Ensenada,Ejido México (Punta Colonet)
6166253,"PUNTA ROSARITO, S.P.R. DE RL",BAJA CALIFORNIA,Ensenada,Ensenada
6288294,RANCHO EL GOLFO,BAJA CALIFORNIA,Mexicali,Familia Ceceña (Colonia Silva)
98259,RANCHO HERMANOS PEREZ,BAJA CALIFORNIA,Ensenada,Ejido México (Punta Colonet)
98495,"RANCHO NUEVO PRODUCE, S.A. DE C.V.",BAJA CALIFORNIA,Ensenada,Vicente Guerrero
6485486,"RANCHO SAN VICENTE CAMALU, S.A. DE C.V.",BAJA CALIFORNIA,Ensenada,Poblado Chulavista (El Chorizo)
6166478,"ROCAS SAN MARTIN, S.P.R. DE RL",BAJA CALIFORNIA,Ensenada,San Quintín
6166328,"ROEZA, S.P.R. DE RL",BAJA CALIFORNIA,Ensenada,El Rosario de Arriba
6166482,ROSALES LEDEZMA S.P.R. DE RL,BAJA CALIFORNIA,Ensenada,La Chorera
75766,SALA DE EXIBIHICION DE PLANTAS,BAJA CALIFORNIA,Ensenada,Ensenada
6166361,SCPP ACUÍCOLA CON PATRIMONIO EN EL MAR,BAJA CALIFORNIA,Ensenada,Ejido Villa Jesús María
6166489,"SCPP BAHÍA DE LOS ANGELES, S.C.L.",BAJA CALIFORNIA,Mexicali,San Felipe
6166260,SCPP CALIFORNIA SAN IGNACIO SCL,BAJA CALIFORNIA,Ensenada,Ensenada
6785855,SCPP PESCADORES NACIONALES DE ABULÓN,BAJA CALIFORNIA,Ensenada,Isla de Cedros
6785869,SCPP PESCADORES NACIONALES DE ABULÓN SC DE RL,BAJA CALIFORNIA,Ensenada,Ensenada
6166460,"SCPP RAFAEL ORTEGA CRUZ, S.C.L.",BAJA CALIFORNIA,Ensenada,Santa Rosaliíta
6166468,SEA URCHIN PACIFIC S. DE R.L. DE C.V.,BAJA CALIFORNIA,Ensenada,Ensenada
6166330,"SERVICIOS TURISTICOS Y PESCA COMERCIAL LOS VOLCANES, S.P.R. DE RL",BAJA CALIFORNIA,Ensenada,Ejido Papalote
6166295,"SOC. COOP. DE PROD. PESQ. BAHÍA TORTUGAS, S.C. DE R.L.",BAJA CALIFORNIA,Ensenada,Ensenada
6166423,SOCIEDAD COOPERATIVA DE PRODUCCIÓN PESQUERA ÁNGELES DEL MAR,BAJA CALIFORNIA,Mexicali,San Felipe
6166405,SOCIEDAD COOPERATIVA DE PRODUCCIÓN PESQUERA COLONIA VICENTE GUERREROS,BAJA CALIFORNIA,Ensenada,Vicente Guerrero
6166359,"SOCIEDAD COOPERATIVA DE PRODUCCIÓN PESQUERA DE PARTICIPACIÓN ESTATAL ABULONERO Y LANGOSTEROS, S.C.L.",BAJA CALIFORNIA,Ensenada,Ensenada
6166262,"SOCIEDAD COOPERATIVA DE PRODUCCIÓN PESQUERA DEMETRIO SOBERANES CASTRO, S.C.L.",BAJA CALIFORNIA,Mexicali,San Felipe
6166340,"SOCIEDAD COOPERATIVA DE PRODUCCIÓN PESQUERA EMANCIPACION, S.C. DE RL",BAJA CALIFORNIA,Ensenada,Ensenada
6166395,SOCIEDAD COOPERATIVA DE PRODUCCIÓN PESQUERA EN GENERAL GENERAL ALBERTO OVIEDO MOTA,BAJA CALIFORNIA,Mexicali,San Felipe
6166313,"SOCIEDAD COOPERATIVA DE PRODUCCIÓN PESQUERA ENSENADA, S.C.L.",BAJA CALIFORNIA,Ensenada,El Rosario de Arriba
6166256,SOCIEDAD COOPERATIVA DE PRODUCCIÓN PESQUERA LA PURÍSIMA,BAJA CALIFORNIA,Ensenada,Ensenada
6166302,"SOCIEDAD COOPERATIVA DE PRODUCCIÓN PESQUERA PESCADORES NACIONALES DE ABULÓN, S.C. DE RL",BAJA CALIFORNIA,Ensenada,Ensenada
6166252,SOCIEDAD COOPERATIVA DE PRODUCCIÓN PESQUERA PUNTA ABREOJOS SC DE RL,BAJA CALIFORNIA,Ensenada,Ensenada
6694597,SOCIEDAD COOPERATIVA DE PRODUCCIÓN PESQUERA RIVEREÑA ALTO GOLFO DE BC SC,BAJA CALIFORNIA,Mexicali,San Felipe
6166431,"SOCIEDAD COOPERATIVA DE PRODUCCIÓN PESQUERA RIVEREÑA MARELBA LEYMOR, S.C.L.",BAJA CALIFORNIA,Mexicali,San Felipe
6717192,SOCIEDAD COOPERATIVA DE PRODUCCIÓN PESQUERA TURISMO Y AGRÍCOLA OSTIÓN DEL PACÍFICO,BAJA CALIFORNIA,Ensenada,Puerto Viejo
6166360,SOCIEDAD COOPERATIVA DE PRODUCCIÓN PESQUERAISLAS DEL GOLFO S.C. DE RL DE CV.,BAJA CALIFORNIA,Mexicali,San Felipe
6166336,SOCIEDAD COOPERATIVA PUEBLO INDÍGENA CUCAPAH CHAPAY,BAJA CALIFORNIA,Mexicali,Comunidad Indígena Cucapah el Mayor
6166363,SOCIEDAD DE PESCADORES DE PANGAS RIBERENAS RAMON LUCERO S.P.R. DE RL,BAJA CALIFORNIA,Mexicali,San Felipe
6188996,"SOCIEDAD DE PESCADORES RIBERENOS DE SAN FELIPE, S.P.R. DE R.L.",BAJA CALIFORNIA,Mexicali,San Felipe
6189000,"SOCIEDAD DE PESCADORES RIBERENOS PUNTA ESTRELLA, S.P.R. DE R.L.",BAJA CALIFORNIA,Mexicali,San Felipe
6166404,SOCIEDAD DE PRODUCCIÓN RURAL DE CAMALUDE RL,BAJA CALIFORNIA,Ensenada,Camalú
6166275,"SOCIEDAD DE PRODUCCIÓN RURAL JUAÑAK JAH KAJUATH, S.P.R. DE RL",BAJA CALIFORNIA,Mexicali,Comunidad Indígena Cucapah el Mayor
6166346,SOCIEDAD DE PRODUCCIÓN RURAL PUNTA CANOAS S. DE R.L. DE C.V.,BAJA CALIFORNIA,Ensenada,Ensenada
6166279,"SOCIEDAD PESQUERA ISLA CONSAGA, S.P.R. DE RL",BAJA CALIFORNIA,Mexicali,San Felipe
6166280,"SOCIEDAD PESQUERA ISLA DE CONSAGA, S.P.R. DE RL",BAJA CALIFORNIA,Mexicali,San Felipe
6166274,"SOL AZUL, S.A. DE C.V.",BAJA CALIFORNIA,Ensenada,Ensenada
6188998,SPR HERMANOS VIERA DE RL,BAJA CALIFORNIA,Ensenada,El Rosario de Arriba
6166367,SPR VINATA COT DE RL,BAJA CALIFORNIA,Ensenada,El Rosario de Arriba
6189001,"SUR PACIFIC, S.P.R. DE R.L.",BAJA CALIFORNIA,Ensenada,Ejido Rubén Jaramillo
6166507,"UNIDAD DE PRODUCCIÓN EJIDAL EL CONSUELO, S.P.R. DE RL",BAJA CALIFORNIA,Ensenada,Ejido Valle Tranquilo
6166397,"UNIDAD DE PRODUCCIÓN PESQUERA DEL PACIFICO, S.P.R. DE RL",BAJA CALIFORNIA,Mexicali,Poblado el Caimán
6166386,UNIDAD DE PRODUCCIÓN PESQUERA VENUSTIANO CARRANZA,BAJA CALIFORNIA,Mexicali,San Felipe
6166514,UNIDAD PESQUERA RANCHO LOS POSITOS DE SRL,BAJA CALIFORNIA,Ensenada,Ejido 27 de Enero
6166309,"UNIDAD REGIONAL DE PRODUCCIÓN PESQUERA VENUSTIANO CARRANZA, S.P.R. DE RL",BAJA CALIFORNIA,Ensenada,Venustiano Carranza (Santa María)
6166345,"UNIÓN DE PESCADORES DE PUNTA COLONET, S.P.R. DE RL",BAJA CALIFORNIA,Ensenada,Licenciado Gustavo Díaz Ordaz
6166500,UPP AUTENTICOS PESCADORES MORRO ROSARITO,BAJA CALIFORNIA,Playas de Rosarito,Puerto Popotla
6166374,"UPP EJIDAL AJUSCO, S.P.R. DE RL",BAJA CALIFORNIA,Ensenada,Ensenada
6166494,UPP MAVADU S.P.R. DE RL,BAJA CALIFORNIA,Mexicali,San Felipe
6166475,UPP PESCADORES RIBEREÑOS DE BAJA CALIFORNIA S.P.R. DE RL,BAJA CALIFORNIA,Playas de Rosarito,Popotla
6166513,UPR DE LAS COSTAS DEL ESTADO DE BC SRL,BAJA CALIFORNIA,Ensenada,La Salina
6166365,UUP MANCHURA SPPR,BAJA CALIFORNIA,Ensenada,Ensenada
6166428,"VIDAURRAZAGA AGUILAR, S.P.R. DE RL",BAJA CALIFORNIA,Ensenada,Venustiano Carranza (Santa María)
6166801,ACUACULTURA MAHR,BAJA CALIFORNIA SUR,La Paz,La Paz
6166922,ACUACULTURA MAHR,BAJA CALIFORNIA SUR,La Paz,Puerto de Pichilingue
6167136,ACUACULTURA ROBLES S.P.R. DE R.I.,BAJA CALIFORNIA SUR,La Paz,Playa el Tecolote
6786703,ACUAPONÍA,BAJA CALIFORNIA SUR,Los Cabos,Caduaño
6166603,ACUÍCOLA DEL PACIFICO S.A. DE C.V.,BAJA CALIFORNIA SUR,Mulegé,Bahía Tortugas
6166778,"ACUÍCOLA Y TURISICA LAS TRES REINAS, S.C. DE RL",BAJA CALIFORNIA SUR,La Paz,La Paz
6166892,BEATRIZ,BAJA CALIFORNIA SUR,La Paz,El Pardito
6808230,BLUE GENETICS MÉXICO,BAJA CALIFORNIA SUR,La Paz,Puerto de Pichilingue
6166799,"BOCA DEL ALAMO, S.P.R. DE RL",BAJA CALIFORNIA SUR,La Paz,Boca del Álamo
6167132,CANDELARIO ARCE FIGUEROA,BAJA CALIFORNIA SUR,Mulegé,Bahía Tortugas
6787229,CAROLINA PRODUCE S DE RL DE CV,BAJA CALIFORNIA SUR,La Paz,El Carrizal
6167009,CATARINO LOPEZ ACEVEDO,BAJA CALIFORNIA SUR,Comondú,Puerto San Carlos
6166611,CONCEPCIÓN VALLE S.A. DE C.V.,BAJA CALIFORNIA SUR,Mulegé,Heroica Mulegé
6167142,COOP MANGLE CENIZO,BAJA CALIFORNIA SUR,La Paz,La Paz
6167101,COOP PESQ Y SERVICIO TUR BLANKISCAL,BAJA CALIFORNIA SUR,Comondú,Puerto San Carlos
6166779,COOPERATIVA LEONES DE LA VENTANA 2008,BAJA CALIFORNIA SUR,La Paz,La Ventana
6166668,"CPP ALVAREZ, S.C. DE RL",BAJA CALIFORNIA SUR,Comondú,Ciudad Insurgentes
159093,CRIBADORA ESCALANTE,BAJA CALIFORNIA SUR,Comondú,Ciudad Constitución
159088,CRIBADORA SOLIS,BAJA CALIFORNIA SUR,Comondú,Ciudad Constitución
6167023,CULTIVOS TECNICOS DEL MAR SUDCALIFORNIANO,BAJA CALIFORNIA SUR,La Paz,Rancho Bueno
6166793,DANA,BAJA CALIFORNIA SUR,La Paz,Agua Amarga
6811645,EARTH OCEAN FARMS,BAJA CALIFORNIA SUR,La Paz,Puerto de Pichilingue
6166584,EDUERDO MURILLO PERALTA,BAJA CALIFORNIA SUR,Mulegé,Heroica Mulegé
6167164,"EL CAMARON SUREÑO S DE PR, DE R.L.",BAJA CALIFORNIA SUR,La Paz,La Paz
6166526,"EL SALADITO DE LA BAHIA, S.C. DE RL",BAJA CALIFORNIA SUR,La Paz,El Saladito
6166792,ELIZABETH,BAJA CALIFORNIA SUR,La Paz,Agua Amarga
6484905,"EMPACADORA GREEN PARADISE, S. DE R.L. DE C.V.",BAJA CALIFORNIA SUR,La Paz,El Pescadero
6803965,EMPAQUE N.1 S DE R L DE CV,BAJA CALIFORNIA SUR,Comondú,Ciudad Constitución
6166658,"FRANIA JANEXI S.C. DE RL, DE C.V.",BAJA CALIFORNIA SUR,Comondú,Puerto Adolfo López Mateos
6166574,GILBRTO LOPEZ MARTINEZ,BAJA CALIFORNIA SUR,Mulegé,Santa Rosalía
6167135,GRANJAS MARINAS DE SINALOA,BAJA CALIFORNIA SUR,La Paz,La Paz
178415,GRICELDA´S SMOKENHOUSE,BAJA CALIFORNIA SUR,Los Cabos,Cabo San Lucas
6166563,GULMARO REYES CRUZ,BAJA CALIFORNIA SUR,Mulegé,Santa Rosalía
6480202,INVERNADEROS Y MALLASOMBRAS DE BAJA CALIFORNIA,BAJA CALIFORNIA SUR,La Paz,La Paz
6166662,"LA VOCA DE LA SOLEDAD, S.C. DE RL",BAJA CALIFORNIA SUR,Comondú,Puerto Adolfo López Mateos
6166805,"LARVAS GRAN MAR, S.A. DE C.V.",BAJA CALIFORNIA SUR,La Paz,La Paz
6166606,LORETO MEZA GUTIERREZ,BAJA CALIFORNIA SUR,Mulegé,Heroica Mulegé
6166807,LOS PINOLILLOS DE LOS CABOS,BAJA CALIFORNIA SUR,Los Cabos,Cabo San Lucas
6166794,LUCIANO 8,BAJA CALIFORNIA SUR,La Paz,Agua Amarga
6167151,MAGDALENO CORTEZ DE LA CRUZ,BAJA CALIFORNIA SUR,Loreto,Loreto
6167082,MARIMEX DEL PACIFICO,BAJA CALIFORNIA SUR,La Paz,La Paz
6166881,MARTER QUINTERO QUINTANA,BAJA CALIFORNIA SUR,Mulegé,Guerrero Negro
6166612,MAYORAL Y AMIGOS S.A. DE C.V.,BAJA CALIFORNIA SUR,Mulegé,Heroica Mulegé
6166600,MOYSES CABALLERO NASAREO,BAJA CALIFORNIA SUR,Mulegé,Santa Rosalía
6167153,MUJERES DEL GOLFO,BAJA CALIFORNIA SUR,Loreto,Ligüí
6189012,NAVIERA Y PESQUERA DEL PACIFICO,BAJA CALIFORNIA SUR,Comondú,Puerto San Carlos
6166873,NO FEAR,BAJA CALIFORNIA SUR,La Paz,El Pardito
169755,OFICINA DE LOS PINOS,BAJA CALIFORNIA SUR,Mulegé,Villa Alberto Andrés Alvarado Arámburo
6167144,ORGANIC SHRIMP,BAJA CALIFORNIA SUR,La Paz,Melitón Albáñez Domínguez
6167040,PATRICIA,BAJA CALIFORNIA SUR,La Paz,El Pardito
6166636,PERMISIONARIO,BAJA CALIFORNIA SUR,Comondú,Puerto San Carlos
6167166,PESCA DE CAMARÓN,BAJA CALIFORNIA SUR,Comondú,San Vicente
6166735,PESCA DE CAMARÓN,BAJA CALIFORNIA SUR,Comondú,Puerto San Carlos
6166733,PESCA DE CAMARÓN,BAJA CALIFORNIA SUR,Comondú,Puerto San Carlos
6166687,PESCA DE CAMARÓN,BAJA CALIFORNIA SUR,Comondú,Puerto San Carlos
6166979,PESCA DE CAMARÓN,BAJA CALIFORNIA SUR,Comondú,Ciudad Insurgentes
6166982,PESCA DE SARDINA Y ANCHOVETA,BAJA CALIFORNIA SUR,La Paz,Los Barriles
6166851,"PESCA Y CAPTURA DE OTROS PECES, CRUSTÁCEOS, MOLUSCOS Y OTRAS ESPECIES",BAJA CALIFORNIA SUR,Mulegé,Bahía Tortugas
6166756,"PESCA Y CAPTURA DE OTROS PECES, CRUSTÁCEOS, MOLUSCOS Y OTRAS ESPECIES",BAJA CALIFORNIA SUR,La Paz,Las Pacas
6166759,"PESCA Y CAPTURA DE OTROS PECES, CRUSTÁCEOS, MOLUSCOS Y OTRAS ESPECIES",BAJA CALIFORNIA SUR,La Paz,Las Pacas
6166994,"PESCA Y CAPTURA DE OTROS PECES, CRUSTÁCEOS, MOLUSCOS Y OTRAS ESPECIES",BAJA CALIFORNIA SUR,La Paz,El Cardonal
6167036,"PESCA Y CAPTURA DE OTROS PECES, CRUSTÁCEOS, MOLUSCOS Y OTRAS ESPECIES",BAJA CALIFORNIA SUR,La Paz,El Cardonal
6167173,"PESCA Y CAPTURA DE OTROS PECES, CRUSTÁCEOS, MOLUSCOS Y OTRAS ESPECIES",BAJA CALIFORNIA SUR,Mulegé,Bahía Asunción
6166623,"PESCA Y CAPTURA DE OTROS PECES, CRUSTÁCEOS, MOLUSCOS Y OTRAS ESPECIES",BAJA CALIFORNIA SUR,Mulegé,Santa Rosalía
6166625,"PESCA Y CAPTURA DE OTROS PECES, CRUSTÁCEOS, MOLUSCOS Y OTRAS ESPECIES",BAJA CALIFORNIA SUR,Mulegé,Santa Rosalía
6166626,"PESCA Y CAPTURA DE OTROS PECES, CRUSTÁCEOS, MOLUSCOS Y OTRAS ESPECIES",BAJA CALIFORNIA SUR,Mulegé,Santa Rosalía
